{
  "ABIRoot": {
    "kind": "Root",
    "name": "HelloSDK",
    "printedName": "HelloSDK",
    "children": [
      {
        "kind": "Import",
        "name": "UIKit",
        "printedName": "UIKit",
        "declKind": "Import",
        "moduleName": "HelloSDK"
      },
      {
        "kind": "TypeDecl",
        "name": "HelloSDK",
        "printedName": "HelloSDK",
        "children": [
          {
            "kind": "Constructor",
            "name": "init",
            "printedName": "init()",
            "children": [
              {
                "kind": "TypeNominal",
                "name": "HelloSDK",
                "printedName": "HelloSDK.HelloSDK",
                "usr": "s:8HelloSDKAAC"
              }
            ],
            "declKind": "Constructor",
            "usr": "s:8HelloSDKAACABycfc",
            "mangledName": "$s8HelloSDKAACABycfc",
            "moduleName": "HelloSDK",
            "declAttributes": [
              "AccessControl"
            ],
            "init_kind": "Designated"
          },
          {
            "kind": "Function",
            "name": "showHelloAlert",
            "printedName": "showHelloAlert(on:)",
            "children": [
              {
                "kind": "TypeNominal",
                "name": "Void",
                "printedName": "()"
              },
              {
                "kind": "TypeNominal",
                "name": "UIViewController",
                "printedName": "UIKit.UIViewController",
                "usr": "c:objc(cs)UIViewController"
              }
            ],
            "declKind": "Func",
            "usr": "s:8HelloSDKAAC04showA5Alert2onySo16UIViewControllerC_tF",
            "mangledName": "$s8HelloSDKAAC04showA5Alert2onySo16UIViewControllerC_tF",
            "moduleName": "HelloSDK",
            "isOpen": true,
            "declAttributes": [
              "AccessControl",
              "RawDocComment"
            ],
            "funcSelfKind": "NonMutating"
          }
        ],
        "declKind": "Class",
        "usr": "s:8HelloSDKAAC",
        "mangledName": "$s8HelloSDKAAC",
        "moduleName": "HelloSDK",
        "isOpen": true,
        "declAttributes": [
          "AccessControl"
        ],
        "conformances": [
          {
            "kind": "Conformance",
            "name": "Copyable",
            "printedName": "Copyable",
            "usr": "s:s8CopyableP",
            "mangledName": "$ss8CopyableP"
          },
          {
            "kind": "Conformance",
            "name": "Escapable",
            "printedName": "Escapable",
            "usr": "s:s9EscapableP",
            "mangledName": "$ss9EscapableP"
          }
        ]
      }
    ],
    "json_format_version": 8
  },
  "ConstValues": []
}